<?xml version="1.0" encoding="UTF-8"?>
<root>
  <item name="cn.qqtheme.framework.picker.DatePicker DatePicker(android.app.Activity, int) 1">
    <annotation name="android.support.annotation.IntDef">
      <val name="flag" val="false" />
      <val name="value" val="{cn.qqtheme.framework.picker.DatePicker.YEAR_MONTH_DAY, cn.qqtheme.framework.picker.DatePicker.YEAR_MONTH, cn.qqtheme.framework.picker.DatePicker.MONTH_DAY}" />
    </annotation>
  </item>
  <item name="cn.qqtheme.framework.picker.DateTimePicker DateTimePicker(android.app.Activity, int) 1">
    <annotation name="android.support.annotation.IntDef">
      <val name="flag" val="false" />
      <val name="value" val="{cn.qqtheme.framework.picker.DateTimePicker.YEAR_MONTH_DAY, cn.qqtheme.framework.picker.DateTimePicker.YEAR_MONTH, cn.qqtheme.framework.picker.DateTimePicker.MONTH_DAY, cn.qqtheme.framework.picker.DateTimePicker.HOUR_OF_DAY, cn.qqtheme.framework.picker.DateTimePicker.HOUR}" />
    </annotation>
  </item>
  <item name="cn.qqtheme.framework.picker.TimePicker TimePicker(android.app.Activity, int) 1">
    <annotation name="android.support.annotation.IntDef">
      <val name="flag" val="false" />
      <val name="value" val="{cn.qqtheme.framework.picker.TimePicker.HOUR_OF_DAY, cn.qqtheme.framework.picker.TimePicker.HOUR}" />
    </annotation>
  </item>
</root>

