<?xml version="1.0" encoding="UTF-8"?>
<root>
  <item name="cn.qqtheme.framework.picker.FilePicker FilePicker(android.app.Activity, int) 1">
    <annotation name="android.support.annotation.IntDef">
      <val name="flag" val="false" />
      <val name="value" val="{cn.qqtheme.framework.picker.FilePicker.DIRECTORY, cn.qqtheme.framework.picker.FilePicker.FILE}" />
    </annotation>
  </item>
  <item name="cn.qqtheme.framework.picker.FilePicker.Mode">
    <annotation name="android.support.annotation.IntDef">
      <val name="flag" val="false" />
      <val name="value" val="{cn.qqtheme.framework.picker.FilePicker.DIRECTORY, cn.qqtheme.framework.picker.FilePicker.FILE}" />
    </annotation>
  </item>
</root>

